﻿{
    "Name": "Hot Cocoa Ring",
    "Category": "Ring",
    "Description": "Monsters spawned after donning the ring have a great chance of dropping chocolate drinks.",
    "Edibility": -300,
    "Price": 10000,
    "Recipe": {
            "ResultCount": 1,
            "Ingredients": [
                {
                "Object": "Hot Chocolate Goo",
                "Count": 999},
                {
                    "Object": 74,
                    "Count": 1
                },
                {
                    "Object": 337,
                    "Count": 5
                }
            ],
        "IsDefault": false
    }
}
