{
	"Name": "Hot Chocolate Goo",
	"Price": 600,
	"Description": "A thick, chocolaty, gooey drink, that'll keep warm in the coldest winter.",
	"Category": "Cooking",
	"Edibility": 20,
	"EdibleIsDrink": true,
	"EdibleBuffs": {
		"Farming": 0,
		"Fishing": 0,
		"Mining": 0,
		"Luck": 1,
		"Foraging": 0,
		"MaxStamina": 0,
		"MagnetRadius": 0,
		"Speed": 1,
		"Defense": 0,
		"Attack": 0,
		"Duration": 500
		},
	"IsColored": false,
	"Recipe": {
			"ResultCount": 1,
			"Ingredients": [
			{
				"Object": "Hot Chocolate",
				"Count": 3}
				],
			"IsDefault": false,
			"CanPurchase": true,
			"PurchaseFrom": "Gus",
			"PurchasePrice": 10000,
			"PurchaseRequirements": [
				"z spring", "z summer", "y 2"
			]
	},
	"CanPurchase": true,
	"PurchaseFrom": "Gus",
	"PurchasePrice": 1200,
	"PurchaseRequirements": [
		"z spring", "z summer", "y 2"
	],
	"GiftTastes":
		{
			"Love": ["Krobus", "Abigail", "Penny", "Shane", "Jodi", "Linus", "Vincent", "Willy", "Demetrius", "Evelyn", "George", "Gus"],
			"Like": ["Sam", "Emily", "Marnie", "Robin", "Elliott", "Caroline", "Kent", "Lewis"],
			"Neutral": ["Jas", "Haley", "Alex", "Dwarf", "Pam", "Pierre"],
			"Dislike": ["Leah", "Maru", "Clint", "Leo", "Sandy", "Wizard"],
			"Hate": ["Harvey", "Sebastian"]
		}
}